角度(deg),スケール,反復回数
45.01922398708362,1.2008631677699253,351
